-- phpMyAdmin SQL Dump
-- version 4.7.4
-- https://www.phpmyadmin.net/
--
-- Hôte : 127.0.0.1
-- Généré le :  sam. 31 août 2019 à 21:44
-- Version du serveur :  10.1.30-MariaDB
-- Version de PHP :  7.2.1

SET SQL_MODE = "NO_AUTO_VALUE_ON_ZERO";
SET AUTOCOMMIT = 0;
START TRANSACTION;
SET time_zone = "+00:00";


/*!40101 SET @OLD_CHARACTER_SET_CLIENT=@@CHARACTER_SET_CLIENT */;
/*!40101 SET @OLD_CHARACTER_SET_RESULTS=@@CHARACTER_SET_RESULTS */;
/*!40101 SET @OLD_COLLATION_CONNECTION=@@COLLATION_CONNECTION */;
/*!40101 SET NAMES utf8mb4 */;

--
-- Base de données :  `yetu`
--

-- --------------------------------------------------------

--
-- Structure de la table `courses`
--

CREATE TABLE `courses` (
  `id` int(10) UNSIGNED NOT NULL,
  `name` varchar(191) COLLATE utf8mb4_unicode_ci NOT NULL,
  `maxima` smallint(6) NOT NULL,
  `t__class_id` int(10) UNSIGNED DEFAULT NULL,
  `created_at` timestamp NULL DEFAULT NULL,
  `updated_at` timestamp NULL DEFAULT NULL
) ENGINE=InnoDB DEFAULT CHARSET=utf8mb4 COLLATE=utf8mb4_unicode_ci;

--
-- Déchargement des données de la table `courses`
--

INSERT INTO `courses` (`id`, `name`, `maxima`, `t__class_id`, `created_at`, `updated_at`) VALUES
(1, 'Educ. Civ. & Morale', 10, 1, '2018-09-04 09:02:37', '2018-09-04 09:02:37'),
(2, 'Education a la Vie', 10, 1, '2018-09-04 09:04:34', '2018-09-04 09:04:34'),
(3, 'Informatique', 10, 1, '2018-09-04 09:05:15', '2018-09-04 09:05:15'),
(4, 'Anglais', 20, 1, '2018-09-04 09:05:46', '2018-09-04 09:05:46'),
(5, 'Dessin', 20, 1, '2018-09-04 09:06:07', '2018-09-04 09:06:07'),
(6, 'Educ. Physique', 20, 1, '2018-09-04 09:06:50', '2018-09-04 09:06:50'),
(7, 'Musique', 20, 1, '2018-09-04 09:07:10', '2018-09-04 09:07:10'),
(8, 'Geographie', 30, 1, '2018-09-04 09:07:35', '2018-09-04 09:07:35'),
(9, 'Histoire', 30, 1, '2018-09-04 09:08:00', '2018-09-04 09:08:00'),
(12, 'Sciences', 30, 1, '2018-09-18 10:43:37', '2018-09-18 10:43:37'),
(13, 'Technologie', 30, 1, '2018-09-18 10:45:21', '2018-09-18 10:45:21'),
(14, 'Francais', 60, 1, '2018-09-18 10:45:51', '2018-09-18 10:45:51'),
(15, 'Mathematique', 60, 1, '2018-09-18 10:47:11', '2018-09-18 10:47:11'),
(16, 'Educ. Civ. & Morale', 10, 2, '2018-09-18 10:49:38', '2018-09-18 10:49:38'),
(17, 'Education a la Vie', 10, 2, '2018-09-18 10:51:57', '2018-09-18 10:51:57'),
(18, 'Informatique', 10, 2, '2018-09-18 10:52:14', '2018-09-18 10:52:14'),
(19, 'Anglais', 20, 2, '2018-09-18 10:53:29', '2018-09-18 10:53:29'),
(20, 'Dessin', 20, 2, '2018-09-18 10:54:35', '2018-09-18 10:54:35'),
(22, 'Educ. Physique', 20, 2, '2018-09-18 11:12:18', '2018-09-18 11:12:18'),
(23, 'Musique', 20, 2, '2018-09-18 11:12:32', '2018-09-18 11:12:32'),
(24, 'Geographie', 30, 2, '2018-09-18 11:12:52', '2018-09-18 11:12:52'),
(25, 'Histoire', 30, 2, '2018-09-18 11:13:05', '2018-09-18 11:13:05'),
(26, 'Sciences', 30, 2, '2018-09-18 11:15:02', '2018-09-18 11:15:02'),
(27, 'Technologie', 30, 2, '2018-09-18 11:15:18', '2018-09-18 11:15:18'),
(28, 'Francais', 40, 2, '2018-09-18 11:15:59', '2018-09-18 11:15:59'),
(29, 'Mathematique', 40, 2, '2018-09-18 11:16:14', '2018-09-18 11:16:14');

-- --------------------------------------------------------

--
-- Structure de la table `data_rows`
--

CREATE TABLE `data_rows` (
  `id` int(10) UNSIGNED NOT NULL,
  `data_type_id` int(10) UNSIGNED NOT NULL,
  `field` varchar(191) COLLATE utf8mb4_unicode_ci NOT NULL,
  `type` varchar(191) COLLATE utf8mb4_unicode_ci NOT NULL,
  `display_name` varchar(191) COLLATE utf8mb4_unicode_ci NOT NULL,
  `required` tinyint(1) NOT NULL DEFAULT '0',
  `browse` tinyint(1) NOT NULL DEFAULT '1',
  `read` tinyint(1) NOT NULL DEFAULT '1',
  `edit` tinyint(1) NOT NULL DEFAULT '1',
  `add` tinyint(1) NOT NULL DEFAULT '1',
  `delete` tinyint(1) NOT NULL DEFAULT '1',
  `details` text COLLATE utf8mb4_unicode_ci,
  `order` int(11) NOT NULL DEFAULT '1'
) ENGINE=InnoDB DEFAULT CHARSET=utf8mb4 COLLATE=utf8mb4_unicode_ci;

--
-- Déchargement des données de la table `data_rows`
--

INSERT INTO `data_rows` (`id`, `data_type_id`, `field`, `type`, `display_name`, `required`, `browse`, `read`, `edit`, `add`, `delete`, `details`, `order`) VALUES
(1, 1, 'id', 'number', 'ID', 1, 0, 0, 0, 0, 0, '', 1),
(2, 1, 'name', 'text', 'Name', 1, 1, 1, 1, 1, 1, '', 2),
(3, 1, 'email', 'text', 'Email', 1, 1, 1, 1, 1, 1, '', 3),
(4, 1, 'password', 'password', 'Password', 1, 0, 0, 1, 1, 0, '', 4),
(5, 1, 'remember_token', 'text', 'Remember Token', 0, 0, 0, 0, 0, 0, '', 5),
(6, 1, 'created_at', 'timestamp', 'Created At', 0, 1, 1, 0, 0, 0, '', 6),
(7, 1, 'updated_at', 'timestamp', 'Updated At', 0, 0, 0, 0, 0, 0, '', 7),
(8, 1, 'avatar', 'image', 'Avatar', 0, 1, 1, 1, 1, 1, '', 8),
(9, 1, 'user_belongsto_role_relationship', 'relationship', 'Role', 0, 1, 1, 1, 1, 0, '{\"model\":\"TCG\\\\Voyager\\\\Models\\\\Role\",\"table\":\"roles\",\"type\":\"belongsTo\",\"column\":\"role_id\",\"key\":\"id\",\"label\":\"display_name\",\"pivot_table\":\"roles\",\"pivot\":\"0\"}', 10),
(10, 1, 'user_belongstomany_role_relationship', 'relationship', 'Roles', 0, 1, 1, 1, 1, 0, '{\"model\":\"TCG\\\\Voyager\\\\Models\\\\Role\",\"table\":\"roles\",\"type\":\"belongsToMany\",\"column\":\"id\",\"key\":\"id\",\"label\":\"display_name\",\"pivot_table\":\"user_roles\",\"pivot\":\"1\",\"taggable\":\"0\"}', 11),
(11, 1, 'locale', 'text', 'Locale', 0, 1, 1, 1, 1, 0, '', 12),
(12, 1, 'settings', 'hidden', 'Settings', 0, 0, 0, 0, 0, 0, '', 12),
(13, 2, 'id', 'number', 'ID', 1, 0, 0, 0, 0, 0, '', 1),
(14, 2, 'name', 'text', 'Name', 1, 1, 1, 1, 1, 1, '', 2),
(15, 2, 'created_at', 'timestamp', 'Created At', 0, 0, 0, 0, 0, 0, '', 3),
(16, 2, 'updated_at', 'timestamp', 'Updated At', 0, 0, 0, 0, 0, 0, '', 4),
(17, 3, 'id', 'number', 'ID', 1, 0, 0, 0, 0, 0, '', 1),
(18, 3, 'name', 'text', 'Name', 1, 1, 1, 1, 1, 1, '', 2),
(19, 3, 'created_at', 'timestamp', 'Created At', 0, 0, 0, 0, 0, 0, '', 3),
(20, 3, 'updated_at', 'timestamp', 'Updated At', 0, 0, 0, 0, 0, 0, '', 4),
(21, 3, 'display_name', 'text', 'Display Name', 1, 1, 1, 1, 1, 1, '', 5),
(22, 1, 'role_id', 'text', 'Role', 1, 1, 1, 1, 1, 1, '', 9),
(23, 4, 'id', 'text', 'Id', 1, 0, 0, 0, 0, 0, NULL, 1),
(24, 4, 'student_id', 'text', 'Student Id', 1, 1, 1, 1, 1, 1, NULL, 2),
(25, 4, 'amount', 'text', 'Amount', 1, 1, 1, 1, 1, 1, NULL, 3),
(26, 4, 'created_at', 'timestamp', 'Created At', 0, 1, 1, 1, 0, 1, NULL, 4),
(27, 4, 'updated_at', 'timestamp', 'Updated At', 0, 0, 0, 0, 0, 0, NULL, 5),
(28, 4, 'payment_belongsto_student_relationship', 'relationship', 'students', 0, 1, 1, 1, 1, 1, '{\"model\":\"App\\\\Student\",\"table\":\"students\",\"type\":\"belongsTo\",\"column\":\"student_id\",\"key\":\"id\",\"label\":\"matricule\",\"pivot_table\":\"courses\",\"pivot\":\"0\",\"taggable\":\"0\"}', 6);

-- --------------------------------------------------------

--
-- Structure de la table `data_types`
--

CREATE TABLE `data_types` (
  `id` int(10) UNSIGNED NOT NULL,
  `name` varchar(191) COLLATE utf8mb4_unicode_ci NOT NULL,
  `slug` varchar(191) COLLATE utf8mb4_unicode_ci NOT NULL,
  `display_name_singular` varchar(191) COLLATE utf8mb4_unicode_ci NOT NULL,
  `display_name_plural` varchar(191) COLLATE utf8mb4_unicode_ci NOT NULL,
  `icon` varchar(191) COLLATE utf8mb4_unicode_ci DEFAULT NULL,
  `model_name` varchar(191) COLLATE utf8mb4_unicode_ci DEFAULT NULL,
  `policy_name` varchar(191) COLLATE utf8mb4_unicode_ci DEFAULT NULL,
  `controller` varchar(191) COLLATE utf8mb4_unicode_ci DEFAULT NULL,
  `description` varchar(191) COLLATE utf8mb4_unicode_ci DEFAULT NULL,
  `generate_permissions` tinyint(1) NOT NULL DEFAULT '0',
  `server_side` tinyint(4) NOT NULL DEFAULT '0',
  `details` text COLLATE utf8mb4_unicode_ci,
  `created_at` timestamp NULL DEFAULT NULL,
  `updated_at` timestamp NULL DEFAULT NULL
) ENGINE=InnoDB DEFAULT CHARSET=utf8mb4 COLLATE=utf8mb4_unicode_ci;

--
-- Déchargement des données de la table `data_types`
--

INSERT INTO `data_types` (`id`, `name`, `slug`, `display_name_singular`, `display_name_plural`, `icon`, `model_name`, `policy_name`, `controller`, `description`, `generate_permissions`, `server_side`, `details`, `created_at`, `updated_at`) VALUES
(1, 'users', 'users', 'User', 'Users', 'voyager-person', 'TCG\\Voyager\\Models\\User', 'TCG\\Voyager\\Policies\\UserPolicy', '', '', 1, 0, NULL, '2018-11-23 13:10:37', '2018-11-23 13:10:37'),
(2, 'menus', 'menus', 'Menu', 'Menus', 'voyager-list', 'TCG\\Voyager\\Models\\Menu', NULL, '', '', 1, 0, NULL, '2018-11-23 13:10:37', '2018-11-23 13:10:37'),
(3, 'roles', 'roles', 'Role', 'Roles', 'voyager-lock', 'TCG\\Voyager\\Models\\Role', NULL, '', '', 1, 0, NULL, '2018-11-23 13:10:37', '2018-11-23 13:10:37'),
(4, 'payments', 'payments', 'Payment', 'Payments', 'voyager-documentation', 'App\\Payment', NULL, NULL, NULL, 1, 0, '{\"order_column\":null,\"order_display_column\":null}', '2019-02-08 08:16:53', '2019-02-08 08:19:22');

-- --------------------------------------------------------

--
-- Structure de la table `events`
--

CREATE TABLE `events` (
  `id` int(10) UNSIGNED NOT NULL,
  `event_name` varchar(191) COLLATE utf8mb4_unicode_ci NOT NULL,
  `event_description` varchar(191) COLLATE utf8mb4_unicode_ci NOT NULL,
  `event_pic` varchar(191) COLLATE utf8mb4_unicode_ci NOT NULL,
  `created_at` timestamp NULL DEFAULT NULL,
  `updated_at` timestamp NULL DEFAULT NULL
) ENGINE=InnoDB DEFAULT CHARSET=utf8mb4 COLLATE=utf8mb4_unicode_ci;

--
-- Déchargement des données de la table `events`
--

INSERT INTO `events` (`id`, `event_name`, `event_description`, `event_pic`, `created_at`, `updated_at`) VALUES
(1, 'first', 'for testing', '09.gif', '2018-08-27 20:26:00', '2018-10-09 07:47:02'),
(2, 'test 2', 'le test continu, a modifier', '09.png', '2018-10-09 07:38:40', '2018-10-09 07:52:21');

-- --------------------------------------------------------

--
-- Structure de la table `inscriptions`
--

CREATE TABLE `inscriptions` (
  `id` int(10) UNSIGNED NOT NULL,
  `nom` varchar(191) COLLATE utf8mb4_unicode_ci NOT NULL,
  `section` varchar(191) COLLATE utf8mb4_unicode_ci NOT NULL,
  `sexe` char(1) COLLATE utf8mb4_unicode_ci NOT NULL,
  `naissance` date NOT NULL,
  `created_at` timestamp NULL DEFAULT NULL,
  `updated_at` timestamp NULL DEFAULT NULL
) ENGINE=InnoDB DEFAULT CHARSET=utf8mb4 COLLATE=utf8mb4_unicode_ci;

--
-- Déchargement des données de la table `inscriptions`
--

INSERT INTO `inscriptions` (`id`, `nom`, `section`, `sexe`, `naissance`, `created_at`, `updated_at`) VALUES
(1, 'burindi muhindo alain', 'Sociale', 'M', '2018-09-12', '2018-09-11 19:43:05', '2018-09-11 19:43:05'),
(2, 'Malu MWAMBA', 'Primaire', 'M', '2018-09-21', '2018-09-11 19:44:16', '2018-09-11 19:44:16'),
(3, 'hkddjas djfh sdjhbfk', 'Commerciale', 'F', '2018-09-27', '2018-09-11 19:45:14', '2018-09-11 19:45:14'),
(4, 'JEAN PAUL HAMULI BISHIKWABO', 'Sociale', 'M', '1997-02-08', '2018-10-03 09:08:02', '2018-10-03 09:08:02');

-- --------------------------------------------------------

--
-- Structure de la table `marks`
--

CREATE TABLE `marks` (
  `id` int(10) UNSIGNED NOT NULL,
  `student_id` int(10) UNSIGNED NOT NULL,
  `t__class_id` int(10) UNSIGNED DEFAULT NULL,
  `courses_id` int(10) UNSIGNED DEFAULT NULL,
  `periode_1` int(3) DEFAULT '0',
  `periode_2` int(3) DEFAULT '0',
  `exam_1` int(3) DEFAULT '0',
  `periode_3` int(3) DEFAULT '0',
  `periode_4` int(3) DEFAULT '0',
  `exam_2` int(3) DEFAULT '0',
  `created_at` timestamp NULL DEFAULT NULL,
  `updated_at` timestamp NULL DEFAULT NULL
) ENGINE=InnoDB DEFAULT CHARSET=utf8mb4 COLLATE=utf8mb4_unicode_ci;

--
-- Déchargement des données de la table `marks`
--

INSERT INTO `marks` (`id`, `student_id`, `t__class_id`, `courses_id`, `periode_1`, `periode_2`, `exam_1`, `periode_3`, `periode_4`, `exam_2`, `created_at`, `updated_at`) VALUES
(1, 1, 1, 1, 5, 0, 0, 0, 0, 0, '2018-09-18 08:13:41', '2018-09-18 08:13:41'),
(2, 1, 1, 2, 7, 0, 0, 0, 0, 0, '2018-09-18 08:13:41', '2018-09-18 08:13:41'),
(3, 1, 1, 3, 8, 0, 0, 0, 0, 0, '2018-09-18 08:13:41', '2018-09-18 08:13:41'),
(4, 1, 1, 4, 0, 0, 0, 0, 0, 0, '2018-09-18 08:13:41', '2018-09-18 08:13:41'),
(5, 1, 1, 5, 0, 0, 0, 0, 0, 0, '2018-09-18 08:13:41', '2018-09-18 08:13:41'),
(6, 1, 1, 6, 0, 0, 0, 0, 0, 0, '2018-09-18 08:13:41', '2018-09-18 08:13:41'),
(7, 1, 1, 7, 0, 0, 0, 0, 0, 0, '2018-09-18 08:13:42', '2018-09-18 08:13:42'),
(8, 1, 1, 8, 0, 0, 0, 0, 0, 0, '2018-09-18 08:13:42', '2018-09-18 08:13:42'),
(9, 1, 1, 9, 0, 0, 0, 0, 0, 0, '2018-09-18 08:13:42', '2018-09-18 08:13:42'),
(10, 2, 1, 1, 0, 0, 0, 0, 0, 0, '2018-09-18 08:13:42', '2018-09-18 08:13:42'),
(11, 2, 1, 2, 0, 0, 0, 0, 0, 0, '2018-09-18 08:13:42', '2018-09-18 08:13:42'),
(12, 2, 1, 3, 0, 0, 0, 0, 0, 0, '2018-09-18 08:13:42', '2018-09-18 08:13:42'),
(13, 2, 1, 4, 0, 0, 0, 0, 0, 0, '2018-09-18 08:13:42', '2018-09-18 08:13:42'),
(14, 2, 1, 5, 0, 0, 0, 0, 0, 0, '2018-09-18 08:13:42', '2018-09-18 08:13:42'),
(15, 2, 1, 6, 0, 0, 0, 0, 0, 0, '2018-09-18 08:13:42', '2018-09-18 08:13:42'),
(16, 2, 1, 7, 0, 0, 0, 0, 0, 0, '2018-09-18 08:13:42', '2018-09-18 08:13:42'),
(17, 2, 1, 8, 0, 0, 0, 0, 0, 0, '2018-09-18 08:13:42', '2018-09-18 08:13:42'),
(18, 2, 1, 9, 0, 0, 0, 0, 0, 0, '2018-09-18 08:13:42', '2018-09-18 08:13:42'),
(19, 3, 1, 1, 0, 0, 0, 0, 0, 0, '2018-09-18 08:13:42', '2018-09-18 08:13:42'),
(20, 3, 1, 2, 0, 0, 0, 0, 0, 0, '2018-09-18 08:13:42', '2018-09-18 08:13:42'),
(21, 3, 1, 3, 0, 0, 0, 0, 0, 0, '2018-09-18 08:13:42', '2018-09-18 08:13:42'),
(22, 3, 1, 4, 0, 0, 0, 0, 0, 0, '2018-09-18 08:13:42', '2018-09-18 08:13:42'),
(23, 3, 1, 5, 0, 0, 0, 0, 0, 0, '2018-09-18 08:13:42', '2018-09-18 08:13:42'),
(24, 3, 1, 6, 0, 0, 0, 0, 0, 0, '2018-09-18 08:13:42', '2018-09-18 08:13:42'),
(25, 3, 1, 7, 0, 0, 0, 0, 0, 0, '2018-09-18 08:13:42', '2018-09-18 08:13:42'),
(26, 3, 1, 8, 0, 0, 0, 0, 0, 0, '2018-09-18 08:13:42', '2018-09-18 08:13:42'),
(27, 3, 1, 9, 0, 0, 0, 0, 0, 0, '2018-09-18 08:13:42', '2018-09-18 08:13:42'),
(28, 4, 1, 1, 0, 0, 0, 0, 0, 0, '2018-09-18 08:13:42', '2018-09-18 08:13:42'),
(29, 4, 1, 2, 0, 0, 0, 0, 0, 0, '2018-09-18 08:13:42', '2018-09-18 08:13:42'),
(30, 4, 1, 3, 0, 0, 0, 0, 0, 0, '2018-09-18 08:13:42', '2018-09-18 08:13:42'),
(31, 4, 1, 4, 0, 0, 0, 0, 0, 0, '2018-09-18 08:13:42', '2018-09-18 08:13:42'),
(32, 4, 1, 5, 0, 0, 0, 0, 0, 0, '2018-09-18 08:13:42', '2018-09-18 08:13:42'),
(33, 4, 1, 6, 0, 0, 0, 0, 0, 0, '2018-09-18 08:13:43', '2018-09-18 08:13:43'),
(34, 4, 1, 7, 0, 0, 0, 0, 0, 0, '2018-09-18 08:13:43', '2018-09-18 08:13:43'),
(35, 4, 1, 8, 0, 0, 0, 0, 0, 0, '2018-09-18 08:13:43', '2018-09-18 08:13:43'),
(36, 4, 1, 9, 0, 0, 0, 0, 0, 0, '2018-09-18 08:13:43', '2018-09-18 08:13:43'),
(37, 5, 1, 1, 0, 0, 0, 0, 0, 0, '2018-09-18 08:13:43', '2018-09-18 08:13:43'),
(38, 5, 1, 2, 0, 0, 0, 0, 0, 0, '2018-09-18 08:13:43', '2018-09-18 08:13:43'),
(39, 5, 1, 3, 0, 0, 0, 0, 0, 0, '2018-09-18 08:13:43', '2018-09-18 08:13:43'),
(40, 5, 1, 4, 0, 0, 0, 0, 0, 0, '2018-09-18 08:13:43', '2018-09-18 08:13:43'),
(41, 5, 1, 5, 0, 0, 0, 0, 0, 0, '2018-09-18 08:13:43', '2018-09-18 08:13:43'),
(42, 5, 1, 6, 0, 0, 0, 0, 0, 0, '2018-09-18 08:13:43', '2018-09-18 08:13:43'),
(43, 5, 1, 7, 0, 0, 0, 0, 0, 0, '2018-09-18 08:13:43', '2018-09-18 08:13:43'),
(44, 5, 1, 8, 0, 0, 0, 0, 0, 0, '2018-09-18 08:13:43', '2018-09-18 08:13:43'),
(45, 5, 1, 9, 0, 0, 0, 0, 0, 0, '2018-09-18 08:13:43', '2018-09-18 08:13:43'),
(46, 6, 1, 1, 5, 0, 0, 0, 0, 0, '2018-09-18 08:13:43', '2018-09-18 08:13:43'),
(47, 6, 1, 2, 0, 0, 0, 0, 0, 0, '2018-09-18 08:13:43', '2018-09-18 08:13:43'),
(48, 6, 1, 3, 0, 0, 0, 0, 0, 0, '2018-09-18 08:13:43', '2018-09-18 08:13:43'),
(49, 6, 1, 4, 0, 0, 0, 0, 0, 0, '2018-09-18 08:13:43', '2018-09-18 08:13:43'),
(50, 6, 1, 5, 0, 0, 0, 0, 0, 0, '2018-09-18 08:13:43', '2018-09-18 08:13:43'),
(51, 6, 1, 6, 0, 0, 0, 0, 0, 0, '2018-09-18 08:13:43', '2018-09-18 08:13:43'),
(52, 6, 1, 7, 0, 0, 0, 0, 0, 0, '2018-09-18 08:13:43', '2018-09-18 08:13:43'),
(53, 6, 1, 8, 0, 0, 0, 0, 0, 0, '2018-09-18 08:13:43', '2018-09-18 08:13:43'),
(54, 6, 1, 9, 0, 0, 0, 0, 0, 0, '2018-09-18 08:13:43', '2018-09-18 08:13:43'),
(55, 1, 1, 12, 0, 0, 0, 0, 0, 0, '2018-09-18 10:43:38', '2018-09-18 10:43:38'),
(56, 2, 1, 12, 0, 0, 0, 0, 0, 0, '2018-09-18 10:43:38', '2018-09-18 10:43:38'),
(57, 3, 1, 12, 0, 0, 0, 0, 0, 0, '2018-09-18 10:43:38', '2018-09-18 10:43:38'),
(58, 4, 1, 12, 0, 0, 0, 0, 0, 0, '2018-09-18 10:43:38', '2018-09-18 10:43:38'),
(59, 5, 1, 12, 0, 0, 0, 0, 0, 0, '2018-09-18 10:43:38', '2018-09-18 10:43:38'),
(60, 6, 1, 12, 0, 0, 0, 0, 0, 0, '2018-09-18 10:43:38', '2018-09-18 10:43:38'),
(61, 1, 1, 13, 0, 0, 0, 0, 0, 0, '2018-09-18 10:45:21', '2018-09-18 10:45:21'),
(62, 2, 1, 13, 0, 0, 0, 0, 0, 0, '2018-09-18 10:45:21', '2018-09-18 10:45:21'),
(63, 3, 1, 13, 0, 0, 0, 0, 0, 0, '2018-09-18 10:45:21', '2018-09-18 10:45:21'),
(64, 4, 1, 13, 0, 0, 0, 0, 0, 0, '2018-09-18 10:45:22', '2018-09-18 10:45:22'),
(65, 5, 1, 13, 0, 0, 0, 0, 0, 0, '2018-09-18 10:45:22', '2018-09-18 10:45:22'),
(66, 6, 1, 13, 0, 0, 0, 0, 0, 0, '2018-09-18 10:45:22', '2018-09-18 10:45:22'),
(67, 1, 1, 14, 0, 0, 0, 0, 0, 0, '2018-09-18 10:45:52', '2018-09-18 10:45:52'),
(68, 2, 1, 14, 0, 0, 0, 0, 0, 0, '2018-09-18 10:45:52', '2018-09-18 10:45:52'),
(69, 3, 1, 14, 0, 0, 0, 0, 0, 0, '2018-09-18 10:45:52', '2018-09-18 10:45:52'),
(70, 4, 1, 14, 0, 0, 0, 0, 0, 0, '2018-09-18 10:45:52', '2018-09-18 10:45:52'),
(71, 5, 1, 14, 0, 0, 0, 0, 0, 0, '2018-09-18 10:45:52', '2018-09-18 10:45:52'),
(72, 6, 1, 14, 0, 0, 0, 0, 0, 0, '2018-09-18 10:45:52', '2018-09-18 10:45:52'),
(73, 1, 1, 15, 0, 0, 0, 0, 0, 0, '2018-09-18 10:47:11', '2018-09-18 10:47:11'),
(74, 2, 1, 15, 0, 0, 0, 0, 0, 0, '2018-09-18 10:47:11', '2018-09-18 10:47:11'),
(75, 3, 1, 15, 0, 0, 0, 0, 0, 0, '2018-09-18 10:47:11', '2018-09-18 10:47:11'),
(76, 4, 1, 15, 0, 0, 0, 0, 0, 0, '2018-09-18 10:47:11', '2018-09-18 10:47:11'),
(77, 5, 1, 15, 0, 0, 0, 0, 0, 0, '2018-09-18 10:47:12', '2018-09-18 10:47:12'),
(78, 6, 1, 15, 0, 0, 0, 0, 0, 0, '2018-09-18 10:47:12', '2018-09-18 10:47:12'),
(79, 7, 2, 1, 0, 0, 0, 0, 0, 0, '2018-09-18 10:49:39', '2018-09-18 10:49:39'),
(80, 8, 2, 1, 0, 0, 0, 0, 0, 0, '2018-09-18 10:49:39', '2018-09-18 10:49:39'),
(81, 9, 2, 1, 0, 0, 0, 0, 0, 0, '2018-09-18 10:49:39', '2018-09-18 10:49:39'),
(82, 10, 2, 1, 0, 0, 0, 0, 0, 0, '2018-09-18 10:49:39', '2018-09-18 10:49:39'),
(83, 11, 2, 1, 0, 0, 0, 0, 0, 0, '2018-09-18 10:49:39', '2018-09-18 10:49:39'),
(84, 12, 2, 1, 0, 0, 0, 0, 0, 0, '2018-09-18 10:49:39', '2018-09-18 10:49:39'),
(85, 13, 2, 1, 0, 0, 0, 0, 0, 0, '2018-09-18 10:49:39', '2018-09-18 10:49:39'),
(86, 14, 2, 1, 0, 0, 0, 0, 0, 0, '2018-09-18 10:49:39', '2018-09-18 10:49:39'),
(87, 15, 2, 1, 0, 0, 0, 0, 0, 0, '2018-09-18 10:49:39', '2018-09-18 10:49:39'),
(88, 18, 2, 1, 0, 0, 0, 0, 0, 0, '2018-09-18 10:49:39', '2018-09-18 10:49:39'),
(89, 19, 2, 1, 0, 0, 0, 0, 0, 0, '2018-09-18 10:49:39', '2018-09-18 10:49:39'),
(90, 7, 2, 2, 0, 0, 0, 0, 0, 0, '2018-09-18 10:51:57', '2018-09-18 10:51:57'),
(91, 8, 2, 2, 0, 0, 0, 0, 0, 0, '2018-09-18 10:51:57', '2018-09-18 10:51:57'),
(92, 9, 2, 2, 0, 0, 0, 0, 0, 0, '2018-09-18 10:51:57', '2018-09-18 10:51:57'),
(93, 10, 2, 2, 0, 0, 0, 0, 0, 0, '2018-09-18 10:51:57', '2018-09-18 10:51:57'),
(94, 11, 2, 2, 0, 0, 0, 0, 0, 0, '2018-09-18 10:51:57', '2018-09-18 10:51:57'),
(95, 12, 2, 2, 0, 0, 0, 0, 0, 0, '2018-09-18 10:51:57', '2018-09-18 10:51:57'),
(96, 13, 2, 2, 0, 0, 0, 0, 0, 0, '2018-09-18 10:51:57', '2018-09-18 10:51:57'),
(97, 14, 2, 2, 0, 0, 0, 0, 0, 0, '2018-09-18 10:51:57', '2018-09-18 10:51:57'),
(98, 15, 2, 2, 0, 0, 0, 0, 0, 0, '2018-09-18 10:51:57', '2018-09-18 10:51:57'),
(99, 18, 2, 2, 0, 0, 0, 0, 0, 0, '2018-09-18 10:51:57', '2018-09-18 10:51:57'),
(100, 19, 2, 2, 0, 0, 0, 0, 0, 0, '2018-09-18 10:51:57', '2018-09-18 10:51:57'),
(101, 7, 2, 3, 0, 0, 0, 0, 0, 0, '2018-09-18 10:52:14', '2018-09-18 10:52:14'),
(102, 8, 2, 3, 0, 0, 0, 0, 0, 0, '2018-09-18 10:52:14', '2018-09-18 10:52:14'),
(103, 9, 2, 3, 0, 0, 0, 0, 0, 0, '2018-09-18 10:52:14', '2018-09-18 10:52:14'),
(104, 10, 2, 3, 0, 0, 0, 0, 0, 0, '2018-09-18 10:52:14', '2018-09-18 10:52:14'),
(105, 11, 2, 3, 0, 0, 0, 0, 0, 0, '2018-09-18 10:52:14', '2018-09-18 10:52:14'),
(106, 12, 2, 3, 0, 0, 0, 0, 0, 0, '2018-09-18 10:52:14', '2018-09-18 10:52:14'),
(107, 13, 2, 3, 0, 0, 0, 0, 0, 0, '2018-09-18 10:52:14', '2018-09-18 10:52:14'),
(108, 14, 2, 3, 0, 0, 0, 0, 0, 0, '2018-09-18 10:52:14', '2018-09-18 10:52:14'),
(109, 15, 2, 3, 0, 0, 0, 0, 0, 0, '2018-09-18 10:52:14', '2018-09-18 10:52:14'),
(110, 18, 2, 3, 0, 0, 0, 0, 0, 0, '2018-09-18 10:52:15', '2018-09-18 10:52:15'),
(111, 19, 2, 3, 0, 0, 0, 0, 0, 0, '2018-09-18 10:52:15', '2018-09-18 10:52:15'),
(112, 7, 2, 4, 0, 0, 0, 0, 0, 0, '2018-09-18 10:53:29', '2018-09-18 10:53:29'),
(113, 8, 2, 4, 0, 0, 0, 0, 0, 0, '2018-09-18 10:53:29', '2018-09-18 10:53:29'),
(114, 9, 2, 4, 0, 0, 0, 0, 0, 0, '2018-09-18 10:53:29', '2018-09-18 10:53:29'),
(115, 10, 2, 4, 0, 0, 0, 0, 0, 0, '2018-09-18 10:53:29', '2018-09-18 10:53:29'),
(116, 11, 2, 4, 0, 0, 0, 0, 0, 0, '2018-09-18 10:53:29', '2018-09-18 10:53:29'),
(117, 12, 2, 4, 0, 0, 0, 0, 0, 0, '2018-09-18 10:53:29', '2018-09-18 10:53:29'),
(118, 13, 2, 4, 0, 0, 0, 0, 0, 0, '2018-09-18 10:53:29', '2018-09-18 10:53:29'),
(119, 14, 2, 4, 0, 0, 0, 0, 0, 0, '2018-09-18 10:53:29', '2018-09-18 10:53:29'),
(120, 15, 2, 4, 0, 0, 0, 0, 0, 0, '2018-09-18 10:53:29', '2018-09-18 10:53:29'),
(121, 18, 2, 4, 0, 0, 0, 0, 0, 0, '2018-09-18 10:53:29', '2018-09-18 10:53:29'),
(122, 19, 2, 4, 0, 0, 0, 0, 0, 0, '2018-09-18 10:53:29', '2018-09-18 10:53:29'),
(123, 7, 2, 5, 0, 0, 0, 0, 0, 0, '2018-09-18 10:54:35', '2018-09-18 10:54:35'),
(124, 8, 2, 5, 0, 0, 0, 0, 0, 0, '2018-09-18 10:54:35', '2018-09-18 10:54:35'),
(125, 9, 2, 5, 0, 0, 0, 0, 0, 0, '2018-09-18 10:54:35', '2018-09-18 10:54:35'),
(126, 10, 2, 5, 0, 0, 0, 0, 0, 0, '2018-09-18 10:54:35', '2018-09-18 10:54:35'),
(127, 11, 2, 5, 0, 0, 0, 0, 0, 0, '2018-09-18 10:54:35', '2018-09-18 10:54:35'),
(128, 12, 2, 5, 0, 0, 0, 0, 0, 0, '2018-09-18 10:54:35', '2018-09-18 10:54:35'),
(129, 13, 2, 5, 0, 0, 0, 0, 0, 0, '2018-09-18 10:54:35', '2018-09-18 10:54:35'),
(130, 14, 2, 5, 0, 0, 0, 0, 0, 0, '2018-09-18 10:54:35', '2018-09-18 10:54:35'),
(131, 15, 2, 5, 0, 0, 0, 0, 0, 0, '2018-09-18 10:54:35', '2018-09-18 10:54:35'),
(132, 18, 2, 5, 0, 0, 0, 0, 0, 0, '2018-09-18 10:54:35', '2018-09-18 10:54:35'),
(133, 19, 2, 5, 0, 0, 0, 0, 0, 0, '2018-09-18 10:54:35', '2018-09-18 10:54:35'),
(134, 7, 2, 6, 0, 0, 0, 0, 0, 0, '2018-09-18 11:12:18', '2018-09-18 11:12:18'),
(135, 8, 2, 6, 0, 0, 0, 0, 0, 0, '2018-09-18 11:12:18', '2018-09-18 11:12:18'),
(136, 9, 2, 6, 0, 0, 0, 0, 0, 0, '2018-09-18 11:12:18', '2018-09-18 11:12:18'),
(137, 10, 2, 6, 0, 0, 0, 0, 0, 0, '2018-09-18 11:12:18', '2018-09-18 11:12:18'),
(138, 11, 2, 6, 0, 0, 0, 0, 0, 0, '2018-09-18 11:12:18', '2018-09-18 11:12:18'),
(139, 12, 2, 6, 0, 0, 0, 0, 0, 0, '2018-09-18 11:12:18', '2018-09-18 11:12:18'),
(140, 13, 2, 6, 0, 0, 0, 0, 0, 0, '2018-09-18 11:12:19', '2018-09-18 11:12:19'),
(141, 14, 2, 6, 0, 0, 0, 0, 0, 0, '2018-09-18 11:12:19', '2018-09-18 11:12:19'),
(142, 15, 2, 6, 0, 0, 0, 0, 0, 0, '2018-09-18 11:12:19', '2018-09-18 11:12:19'),
(143, 18, 2, 6, 0, 0, 0, 0, 0, 0, '2018-09-18 11:12:19', '2018-09-18 11:12:19'),
(144, 19, 2, 6, 0, 0, 0, 0, 0, 0, '2018-09-18 11:12:19', '2018-09-18 11:12:19'),
(145, 7, 2, 7, 0, 0, 0, 0, 0, 0, '2018-09-18 11:12:32', '2018-09-18 11:12:32'),
(146, 8, 2, 7, 0, 0, 0, 0, 0, 0, '2018-09-18 11:12:32', '2018-09-18 11:12:32'),
(147, 9, 2, 7, 0, 0, 0, 0, 0, 0, '2018-09-18 11:12:32', '2018-09-18 11:12:32'),
(148, 10, 2, 7, 0, 0, 0, 0, 0, 0, '2018-09-18 11:12:32', '2018-09-18 11:12:32'),
(149, 11, 2, 7, 0, 0, 0, 0, 0, 0, '2018-09-18 11:12:32', '2018-09-18 11:12:32'),
(150, 12, 2, 7, 0, 0, 0, 0, 0, 0, '2018-09-18 11:12:32', '2018-09-18 11:12:32'),
(151, 13, 2, 7, 0, 0, 0, 0, 0, 0, '2018-09-18 11:12:32', '2018-09-18 11:12:32'),
(152, 14, 2, 7, 0, 0, 0, 0, 0, 0, '2018-09-18 11:12:32', '2018-09-18 11:12:32'),
(153, 15, 2, 7, 0, 0, 0, 0, 0, 0, '2018-09-18 11:12:32', '2018-09-18 11:12:32'),
(154, 18, 2, 7, 0, 0, 0, 0, 0, 0, '2018-09-18 11:12:32', '2018-09-18 11:12:32'),
(155, 19, 2, 7, 0, 0, 0, 0, 0, 0, '2018-09-18 11:12:32', '2018-09-18 11:12:32'),
(156, 7, 2, 8, 0, 0, 0, 0, 0, 0, '2018-09-18 11:12:52', '2018-09-18 11:12:52'),
(157, 8, 2, 8, 0, 0, 0, 0, 0, 0, '2018-09-18 11:12:52', '2018-09-18 11:12:52'),
(158, 9, 2, 8, 0, 0, 0, 0, 0, 0, '2018-09-18 11:12:52', '2018-09-18 11:12:52'),
(159, 10, 2, 8, 0, 0, 0, 0, 0, 0, '2018-09-18 11:12:52', '2018-09-18 11:12:52'),
(160, 11, 2, 8, 0, 0, 0, 0, 0, 0, '2018-09-18 11:12:52', '2018-09-18 11:12:52'),
(161, 12, 2, 8, 0, 0, 0, 0, 0, 0, '2018-09-18 11:12:52', '2018-09-18 11:12:52'),
(162, 13, 2, 8, 0, 0, 0, 0, 0, 0, '2018-09-18 11:12:52', '2018-09-18 11:12:52'),
(163, 14, 2, 8, 0, 0, 0, 0, 0, 0, '2018-09-18 11:12:52', '2018-09-18 11:12:52'),
(164, 15, 2, 8, 0, 0, 0, 0, 0, 0, '2018-09-18 11:12:52', '2018-09-18 11:12:52'),
(165, 18, 2, 8, 0, 0, 0, 0, 0, 0, '2018-09-18 11:12:52', '2018-09-18 11:12:52'),
(166, 19, 2, 8, 0, 0, 0, 0, 0, 0, '2018-09-18 11:12:52', '2018-09-18 11:12:52'),
(167, 7, 2, 9, 0, 0, 0, 0, 0, 0, '2018-09-18 11:13:06', '2018-09-18 11:13:06'),
(168, 8, 2, 9, 0, 0, 0, 0, 0, 0, '2018-09-18 11:13:06', '2018-09-18 11:13:06'),
(169, 9, 2, 9, 0, 0, 0, 0, 0, 0, '2018-09-18 11:13:06', '2018-09-18 11:13:06'),
(170, 10, 2, 9, 0, 0, 0, 0, 0, 0, '2018-09-18 11:13:06', '2018-09-18 11:13:06'),
(171, 11, 2, 9, 0, 0, 0, 0, 0, 0, '2018-09-18 11:13:06', '2018-09-18 11:13:06'),
(172, 12, 2, 9, 0, 0, 0, 0, 0, 0, '2018-09-18 11:13:06', '2018-09-18 11:13:06'),
(173, 13, 2, 9, 0, 0, 0, 0, 0, 0, '2018-09-18 11:13:06', '2018-09-18 11:13:06'),
(174, 14, 2, 9, 0, 0, 0, 0, 0, 0, '2018-09-18 11:13:06', '2018-09-18 11:13:06'),
(175, 15, 2, 9, 0, 0, 0, 0, 0, 0, '2018-09-18 11:13:06', '2018-09-18 11:13:06'),
(176, 18, 2, 9, 0, 0, 0, 0, 0, 0, '2018-09-18 11:13:06', '2018-09-18 11:13:06'),
(177, 19, 2, 9, 0, 0, 0, 0, 0, 0, '2018-09-18 11:13:06', '2018-09-18 11:13:06'),
(178, 7, 2, 12, 0, 0, 0, 0, 0, 0, '2018-09-18 11:15:02', '2018-09-18 11:15:02'),
(179, 8, 2, 12, 0, 0, 0, 0, 0, 0, '2018-09-18 11:15:02', '2018-09-18 11:15:02'),
(180, 9, 2, 12, 0, 0, 0, 0, 0, 0, '2018-09-18 11:15:02', '2018-09-18 11:15:02'),
(181, 10, 2, 12, 0, 0, 0, 0, 0, 0, '2018-09-18 11:15:02', '2018-09-18 11:15:02'),
(182, 11, 2, 12, 0, 0, 0, 0, 0, 0, '2018-09-18 11:15:02', '2018-09-18 11:15:02'),
(183, 12, 2, 12, 0, 0, 0, 0, 0, 0, '2018-09-18 11:15:03', '2018-09-18 11:15:03'),
(184, 13, 2, 12, 0, 0, 0, 0, 0, 0, '2018-09-18 11:15:03', '2018-09-18 11:15:03'),
(185, 14, 2, 12, 0, 0, 0, 0, 0, 0, '2018-09-18 11:15:03', '2018-09-18 11:15:03'),
(186, 15, 2, 12, 0, 0, 0, 0, 0, 0, '2018-09-18 11:15:03', '2018-09-18 11:15:03'),
(187, 18, 2, 12, 0, 0, 0, 0, 0, 0, '2018-09-18 11:15:03', '2018-09-18 11:15:03'),
(188, 19, 2, 12, 0, 0, 0, 0, 0, 0, '2018-09-18 11:15:03', '2018-09-18 11:15:03'),
(189, 7, 2, 13, 0, 0, 0, 0, 0, 0, '2018-09-18 11:15:18', '2018-09-18 11:15:18'),
(190, 8, 2, 13, 0, 0, 0, 0, 0, 0, '2018-09-18 11:15:18', '2018-09-18 11:15:18'),
(191, 9, 2, 13, 0, 0, 0, 0, 0, 0, '2018-09-18 11:15:18', '2018-09-18 11:15:18'),
(192, 10, 2, 13, 0, 0, 0, 0, 0, 0, '2018-09-18 11:15:18', '2018-09-18 11:15:18'),
(193, 11, 2, 13, 0, 0, 0, 0, 0, 0, '2018-09-18 11:15:18', '2018-09-18 11:15:18'),
(194, 12, 2, 13, 0, 0, 0, 0, 0, 0, '2018-09-18 11:15:18', '2018-09-18 11:15:18'),
(195, 13, 2, 13, 0, 0, 0, 0, 0, 0, '2018-09-18 11:15:18', '2018-09-18 11:15:18'),
(196, 14, 2, 13, 0, 0, 0, 0, 0, 0, '2018-09-18 11:15:18', '2018-09-18 11:15:18'),
(197, 15, 2, 13, 0, 0, 0, 0, 0, 0, '2018-09-18 11:15:18', '2018-09-18 11:15:18'),
(198, 18, 2, 13, 0, 0, 0, 0, 0, 0, '2018-09-18 11:15:18', '2018-09-18 11:15:18'),
(199, 19, 2, 13, 0, 0, 0, 0, 0, 0, '2018-09-18 11:15:18', '2018-09-18 11:15:18'),
(200, 7, 2, 14, 0, 0, 0, 0, 0, 0, '2018-09-18 11:15:59', '2018-09-18 11:15:59'),
(201, 8, 2, 14, 0, 0, 0, 0, 0, 0, '2018-09-18 11:15:59', '2018-09-18 11:15:59'),
(202, 9, 2, 14, 0, 0, 0, 0, 0, 0, '2018-09-18 11:15:59', '2018-09-18 11:15:59'),
(203, 10, 2, 14, 0, 0, 0, 0, 0, 0, '2018-09-18 11:15:59', '2018-09-18 11:15:59'),
(204, 11, 2, 14, 0, 0, 0, 0, 0, 0, '2018-09-18 11:15:59', '2018-09-18 11:15:59'),
(205, 12, 2, 14, 0, 0, 0, 0, 0, 0, '2018-09-18 11:15:59', '2018-09-18 11:15:59'),
(206, 13, 2, 14, 0, 0, 0, 0, 0, 0, '2018-09-18 11:15:59', '2018-09-18 11:15:59'),
(207, 14, 2, 14, 0, 0, 0, 0, 0, 0, '2018-09-18 11:15:59', '2018-09-18 11:15:59'),
(208, 15, 2, 14, 0, 0, 0, 0, 0, 0, '2018-09-18 11:15:59', '2018-09-18 11:15:59'),
(209, 18, 2, 14, 0, 0, 0, 0, 0, 0, '2018-09-18 11:15:59', '2018-09-18 11:15:59'),
(210, 19, 2, 14, 0, 0, 0, 0, 0, 0, '2018-09-18 11:15:59', '2018-09-18 11:15:59'),
(211, 7, 2, 15, 0, 0, 0, 0, 0, 0, '2018-09-18 11:16:14', '2018-09-18 11:16:14'),
(212, 8, 2, 15, 0, 0, 0, 0, 0, 0, '2018-09-18 11:16:14', '2018-09-18 11:16:14'),
(213, 9, 2, 15, 0, 0, 0, 0, 0, 0, '2018-09-18 11:16:14', '2018-09-18 11:16:14'),
(214, 10, 2, 15, 0, 0, 0, 0, 0, 0, '2018-09-18 11:16:14', '2018-09-18 11:16:14'),
(215, 11, 2, 15, 0, 0, 0, 0, 0, 0, '2018-09-18 11:16:14', '2018-09-18 11:16:14'),
(216, 12, 2, 15, 0, 0, 0, 0, 0, 0, '2018-09-18 11:16:14', '2018-09-18 11:16:14'),
(217, 13, 2, 15, 0, 0, 0, 0, 0, 0, '2018-09-18 11:16:14', '2018-09-18 11:16:14'),
(218, 14, 2, 15, 0, 0, 0, 0, 0, 0, '2018-09-18 11:16:14', '2018-09-18 11:16:14'),
(219, 15, 2, 15, 0, 0, 0, 0, 0, 0, '2018-09-18 11:16:14', '2018-09-18 11:16:14'),
(220, 18, 2, 15, 0, 0, 0, 0, 0, 0, '2018-09-18 11:16:14', '2018-09-18 11:16:14'),
(221, 19, 2, 15, 0, 0, 0, 0, 0, 0, '2018-09-18 11:16:14', '2018-09-18 11:16:14');

-- --------------------------------------------------------

--
-- Structure de la table `menus`
--

CREATE TABLE `menus` (
  `id` int(10) UNSIGNED NOT NULL,
  `name` varchar(191) COLLATE utf8mb4_unicode_ci NOT NULL,
  `created_at` timestamp NULL DEFAULT NULL,
  `updated_at` timestamp NULL DEFAULT NULL
) ENGINE=InnoDB DEFAULT CHARSET=utf8mb4 COLLATE=utf8mb4_unicode_ci;

--
-- Déchargement des données de la table `menus`
--

INSERT INTO `menus` (`id`, `name`, `created_at`, `updated_at`) VALUES
(1, 'admin', '2018-11-23 13:10:39', '2018-11-23 13:10:39');

-- --------------------------------------------------------

--
-- Structure de la table `menu_items`
--

CREATE TABLE `menu_items` (
  `id` int(10) UNSIGNED NOT NULL,
  `menu_id` int(10) UNSIGNED DEFAULT NULL,
  `title` varchar(191) COLLATE utf8mb4_unicode_ci NOT NULL,
  `url` varchar(191) COLLATE utf8mb4_unicode_ci NOT NULL,
  `target` varchar(191) COLLATE utf8mb4_unicode_ci NOT NULL DEFAULT '_self',
  `icon_class` varchar(191) COLLATE utf8mb4_unicode_ci DEFAULT NULL,
  `color` varchar(191) COLLATE utf8mb4_unicode_ci DEFAULT NULL,
  `parent_id` int(11) DEFAULT NULL,
  `order` int(11) NOT NULL,
  `created_at` timestamp NULL DEFAULT NULL,
  `updated_at` timestamp NULL DEFAULT NULL,
  `route` varchar(191) COLLATE utf8mb4_unicode_ci DEFAULT NULL,
  `parameters` text COLLATE utf8mb4_unicode_ci
) ENGINE=InnoDB DEFAULT CHARSET=utf8mb4 COLLATE=utf8mb4_unicode_ci;

--
-- Déchargement des données de la table `menu_items`
--

INSERT INTO `menu_items` (`id`, `menu_id`, `title`, `url`, `target`, `icon_class`, `color`, `parent_id`, `order`, `created_at`, `updated_at`, `route`, `parameters`) VALUES
(1, 1, 'Dashboard', '', '_self', 'voyager-boat', NULL, NULL, 1, '2018-11-23 13:10:39', '2018-11-23 13:10:39', 'voyager.dashboard', NULL),
(2, 1, 'Media', '', '_self', 'voyager-images', NULL, NULL, 5, '2018-11-23 13:10:39', '2018-11-23 13:10:39', 'voyager.media.index', NULL),
(3, 1, 'Users', '', '_self', 'voyager-person', NULL, NULL, 3, '2018-11-23 13:10:39', '2018-11-23 13:10:39', 'voyager.users.index', NULL),
(4, 1, 'Roles', '', '_self', 'voyager-lock', NULL, NULL, 2, '2018-11-23 13:10:40', '2018-11-23 13:10:40', 'voyager.roles.index', NULL),
(5, 1, 'Tools', '', '_self', 'voyager-tools', NULL, NULL, 9, '2018-11-23 13:10:40', '2018-11-23 13:10:40', NULL, NULL),
(6, 1, 'Menu Builder', '', '_self', 'voyager-list', NULL, 5, 10, '2018-11-23 13:10:40', '2018-11-23 13:10:40', 'voyager.menus.index', NULL),
(7, 1, 'Database', '', '_self', 'voyager-data', NULL, 5, 11, '2018-11-23 13:10:40', '2018-11-23 13:10:40', 'voyager.database.index', NULL),
(8, 1, 'Compass', '', '_self', 'voyager-compass', NULL, 5, 12, '2018-11-23 13:10:40', '2018-11-23 13:10:40', 'voyager.compass.index', NULL),
(9, 1, 'BREAD', '', '_self', 'voyager-bread', NULL, 5, 13, '2018-11-23 13:10:40', '2018-11-23 13:10:40', 'voyager.bread.index', NULL),
(10, 1, 'Settings', '', '_self', 'voyager-settings', NULL, NULL, 14, '2018-11-23 13:10:40', '2018-11-23 13:10:40', 'voyager.settings.index', NULL),
(11, 1, 'Hooks', '', '_self', 'voyager-hook', NULL, 5, 13, '2018-11-23 13:10:45', '2018-11-23 13:10:45', 'voyager.hooks', NULL),
(12, 1, 'Payments', '', '_self', 'voyager-documentation', NULL, NULL, 15, '2019-02-08 08:16:54', '2019-02-08 08:16:54', 'voyager.payments.index', NULL);

-- --------------------------------------------------------

--
-- Structure de la table `migrations`
--

CREATE TABLE `migrations` (
  `id` int(10) UNSIGNED NOT NULL,
  `migration` varchar(191) COLLATE utf8mb4_unicode_ci NOT NULL,
  `batch` int(11) NOT NULL
) ENGINE=InnoDB DEFAULT CHARSET=utf8mb4 COLLATE=utf8mb4_unicode_ci;

--
-- Déchargement des données de la table `migrations`
--

INSERT INTO `migrations` (`id`, `migration`, `batch`) VALUES
(2, '2014_10_12_100000_create_password_resets_table', 1),
(3, '2018_08_27_195444_create_events_table', 2),
(4, '2018_09_02_113811_create_t__classes_table', 3),
(6, '2018_09_03_172701_create_t__classes_table', 5),
(7, '2018_09_03_165735_create_courses_table', 6),
(8, '2018_09_04_195859_create_marks_table', 7),
(9, '2018_09_04_200205_create_students_table', 7),
(11, '2018_09_06_111851_create_students_table', 9),
(12, '2018_09_06_111150_create_marks_table', 10),
(14, '2014_10_12_000000_create_users_table', 11),
(15, '2018_09_08_114917_create_professors_table', 12),
(16, '2018_09_11_204854_create_inscriptions_table', 13),
(17, '2016_01_01_000000_add_voyager_user_fields', 14),
(18, '2016_01_01_000000_create_data_types_table', 14),
(19, '2016_05_19_173453_create_menu_table', 14),
(20, '2016_10_21_190000_create_roles_table', 14),
(21, '2016_10_21_190000_create_settings_table', 14),
(22, '2016_11_30_135954_create_permission_table', 14),
(23, '2016_11_30_141208_create_permission_role_table', 14),
(24, '2016_12_26_201236_data_types__add__server_side', 14),
(25, '2017_01_13_000000_add_route_to_menu_items_table', 14),
(26, '2017_01_14_005015_create_translations_table', 14),
(27, '2017_01_15_000000_make_table_name_nullable_in_permissions_table', 14),
(28, '2017_03_06_000000_add_controller_to_data_types_table', 14),
(29, '2017_04_21_000000_add_order_to_data_rows_table', 14),
(30, '2017_07_05_210000_add_policyname_to_data_types_table', 14),
(31, '2017_08_05_000000_add_group_to_settings_table', 14),
(32, '2017_11_26_013050_add_user_role_relationship', 14),
(33, '2017_11_26_015000_create_user_roles_table', 14),
(34, '2018_03_11_000000_add_user_settings', 14),
(35, '2018_03_14_000000_add_details_to_data_types_table', 14),
(36, '2018_03_16_000000_make_settings_value_nullable', 14),
(38, '2019_02_08_071933_create_payments_table', 15);

-- --------------------------------------------------------

--
-- Structure de la table `password_resets`
--

CREATE TABLE `password_resets` (
  `email` varchar(191) COLLATE utf8mb4_unicode_ci NOT NULL,
  `token` varchar(191) COLLATE utf8mb4_unicode_ci NOT NULL,
  `created_at` timestamp NULL DEFAULT NULL
) ENGINE=InnoDB DEFAULT CHARSET=utf8mb4 COLLATE=utf8mb4_unicode_ci;

-- --------------------------------------------------------

--
-- Structure de la table `payments`
--

CREATE TABLE `payments` (
  `id` int(10) UNSIGNED NOT NULL,
  `student_id` int(10) UNSIGNED NOT NULL,
  `amount` int(11) NOT NULL,
  `created_at` timestamp NULL DEFAULT NULL,
  `updated_at` timestamp NULL DEFAULT NULL
) ENGINE=InnoDB DEFAULT CHARSET=utf8mb4 COLLATE=utf8mb4_unicode_ci;

--
-- Déchargement des données de la table `payments`
--

INSERT INTO `payments` (`id`, `student_id`, `amount`, `created_at`, `updated_at`) VALUES
(1, 15, 10, '2019-02-08 06:18:04', '2019-02-08 07:16:18'),
(2, 2, 39, '2019-02-08 07:47:19', '2019-02-08 07:47:19'),
(3, 2, 39, '2019-02-08 09:11:37', '2019-02-08 09:11:37'),
(4, 1, 20, '2019-02-08 09:13:04', '2019-02-08 09:13:04');

-- --------------------------------------------------------

--
-- Structure de la table `permissions`
--

CREATE TABLE `permissions` (
  `id` int(10) UNSIGNED NOT NULL,
  `key` varchar(191) COLLATE utf8mb4_unicode_ci NOT NULL,
  `table_name` varchar(191) COLLATE utf8mb4_unicode_ci DEFAULT NULL,
  `created_at` timestamp NULL DEFAULT NULL,
  `updated_at` timestamp NULL DEFAULT NULL
) ENGINE=InnoDB DEFAULT CHARSET=utf8mb4 COLLATE=utf8mb4_unicode_ci;

--
-- Déchargement des données de la table `permissions`
--

INSERT INTO `permissions` (`id`, `key`, `table_name`, `created_at`, `updated_at`) VALUES
(1, 'browse_admin', NULL, '2018-11-23 13:10:40', '2018-11-23 13:10:40'),
(2, 'browse_bread', NULL, '2018-11-23 13:10:41', '2018-11-23 13:10:41'),
(3, 'browse_database', NULL, '2018-11-23 13:10:41', '2018-11-23 13:10:41'),
(4, 'browse_media', NULL, '2018-11-23 13:10:41', '2018-11-23 13:10:41'),
(5, 'browse_compass', NULL, '2018-11-23 13:10:41', '2018-11-23 13:10:41'),
(6, 'browse_menus', 'menus', '2018-11-23 13:10:41', '2018-11-23 13:10:41'),
(7, 'read_menus', 'menus', '2018-11-23 13:10:41', '2018-11-23 13:10:41'),
(8, 'edit_menus', 'menus', '2018-11-23 13:10:41', '2018-11-23 13:10:41'),
(9, 'add_menus', 'menus', '2018-11-23 13:10:41', '2018-11-23 13:10:41'),
(10, 'delete_menus', 'menus', '2018-11-23 13:10:41', '2018-11-23 13:10:41'),
(11, 'browse_roles', 'roles', '2018-11-23 13:10:41', '2018-11-23 13:10:41'),
(12, 'read_roles', 'roles', '2018-11-23 13:10:41', '2018-11-23 13:10:41'),
(13, 'edit_roles', 'roles', '2018-11-23 13:10:41', '2018-11-23 13:10:41'),
(14, 'add_roles', 'roles', '2018-11-23 13:10:41', '2018-11-23 13:10:41'),
(15, 'delete_roles', 'roles', '2018-11-23 13:10:41', '2018-11-23 13:10:41'),
(16, 'browse_users', 'users', '2018-11-23 13:10:41', '2018-11-23 13:10:41'),
(17, 'read_users', 'users', '2018-11-23 13:10:42', '2018-11-23 13:10:42'),
(18, 'edit_users', 'users', '2018-11-23 13:10:42', '2018-11-23 13:10:42'),
(19, 'add_users', 'users', '2018-11-23 13:10:42', '2018-11-23 13:10:42'),
(20, 'delete_users', 'users', '2018-11-23 13:10:42', '2018-11-23 13:10:42'),
(21, 'browse_settings', 'settings', '2018-11-23 13:10:42', '2018-11-23 13:10:42'),
(22, 'read_settings', 'settings', '2018-11-23 13:10:42', '2018-11-23 13:10:42'),
(23, 'edit_settings', 'settings', '2018-11-23 13:10:42', '2018-11-23 13:10:42'),
(24, 'add_settings', 'settings', '2018-11-23 13:10:42', '2018-11-23 13:10:42'),
(25, 'delete_settings', 'settings', '2018-11-23 13:10:42', '2018-11-23 13:10:42'),
(26, 'browse_hooks', NULL, '2018-11-23 13:10:45', '2018-11-23 13:10:45'),
(27, 'browse_payments', 'payments', '2019-02-08 08:16:54', '2019-02-08 08:16:54'),
(28, 'read_payments', 'payments', '2019-02-08 08:16:54', '2019-02-08 08:16:54'),
(29, 'edit_payments', 'payments', '2019-02-08 08:16:54', '2019-02-08 08:16:54'),
(30, 'add_payments', 'payments', '2019-02-08 08:16:54', '2019-02-08 08:16:54'),
(31, 'delete_payments', 'payments', '2019-02-08 08:16:54', '2019-02-08 08:16:54');

-- --------------------------------------------------------

--
-- Structure de la table `permission_role`
--

CREATE TABLE `permission_role` (
  `permission_id` int(10) UNSIGNED NOT NULL,
  `role_id` int(10) UNSIGNED NOT NULL
) ENGINE=InnoDB DEFAULT CHARSET=utf8mb4 COLLATE=utf8mb4_unicode_ci;

--
-- Déchargement des données de la table `permission_role`
--

INSERT INTO `permission_role` (`permission_id`, `role_id`) VALUES
(1, 1),
(2, 1),
(3, 1),
(4, 1),
(5, 1),
(6, 1),
(7, 1),
(8, 1),
(9, 1),
(10, 1),
(11, 1),
(12, 1),
(13, 1),
(14, 1),
(15, 1),
(16, 1),
(17, 1),
(18, 1),
(19, 1),
(20, 1),
(21, 1),
(22, 1),
(23, 1),
(24, 1),
(25, 1),
(26, 1),
(27, 1),
(28, 1),
(29, 1),
(30, 1),
(31, 1);

-- --------------------------------------------------------

--
-- Structure de la table `professors`
--

CREATE TABLE `professors` (
  `id` int(10) UNSIGNED NOT NULL,
  `name` varchar(191) COLLATE utf8mb4_unicode_ci NOT NULL,
  `tel` varchar(191) COLLATE utf8mb4_unicode_ci NOT NULL,
  `user_id` int(10) UNSIGNED DEFAULT NULL,
  `picture` varchar(191) COLLATE utf8mb4_unicode_ci NOT NULL,
  `created_at` timestamp NULL DEFAULT NULL,
  `updated_at` timestamp NULL DEFAULT NULL
) ENGINE=InnoDB DEFAULT CHARSET=utf8mb4 COLLATE=utf8mb4_unicode_ci;

--
-- Déchargement des données de la table `professors`
--

INSERT INTO `professors` (`id`, `name`, `tel`, `user_id`, `picture`, `created_at`, `updated_at`) VALUES
(1, 'inconnu', 'inconnu', NULL, 'noimage.jpg', '2018-09-08 10:43:26', '2018-09-08 10:43:26'),
(2, 'guillain', '+243994415090', 29, 'noimage.jpg', '2018-09-08 12:05:29', '2018-09-08 12:05:29');

-- --------------------------------------------------------

--
-- Structure de la table `roles`
--

CREATE TABLE `roles` (
  `id` int(10) UNSIGNED NOT NULL,
  `name` varchar(191) COLLATE utf8mb4_unicode_ci NOT NULL,
  `display_name` varchar(191) COLLATE utf8mb4_unicode_ci NOT NULL,
  `created_at` timestamp NULL DEFAULT NULL,
  `updated_at` timestamp NULL DEFAULT NULL
) ENGINE=InnoDB DEFAULT CHARSET=utf8mb4 COLLATE=utf8mb4_unicode_ci;

--
-- Déchargement des données de la table `roles`
--

INSERT INTO `roles` (`id`, `name`, `display_name`, `created_at`, `updated_at`) VALUES
(1, 'admin', 'Administrator', '2018-11-23 13:10:40', '2018-11-23 13:10:40'),
(2, 'user', 'Normal User', '2018-11-23 13:10:40', '2018-11-23 13:10:40');

-- --------------------------------------------------------

--
-- Structure de la table `settings`
--

CREATE TABLE `settings` (
  `id` int(10) UNSIGNED NOT NULL,
  `key` varchar(191) COLLATE utf8mb4_unicode_ci NOT NULL,
  `display_name` varchar(191) COLLATE utf8mb4_unicode_ci NOT NULL,
  `value` text COLLATE utf8mb4_unicode_ci,
  `details` text COLLATE utf8mb4_unicode_ci,
  `type` varchar(191) COLLATE utf8mb4_unicode_ci NOT NULL,
  `order` int(11) NOT NULL DEFAULT '1',
  `group` varchar(191) COLLATE utf8mb4_unicode_ci DEFAULT NULL
) ENGINE=InnoDB DEFAULT CHARSET=utf8mb4 COLLATE=utf8mb4_unicode_ci;

--
-- Déchargement des données de la table `settings`
--

INSERT INTO `settings` (`id`, `key`, `display_name`, `value`, `details`, `type`, `order`, `group`) VALUES
(1, 'site.title', 'Site Title', 'Site Title', '', 'text', 1, 'Site'),
(2, 'site.description', 'Site Description', 'Site Description', '', 'text', 2, 'Site'),
(3, 'site.logo', 'Site Logo', '', '', 'image', 3, 'Site'),
(4, 'site.google_analytics_tracking_id', 'Google Analytics Tracking ID', '', '', 'text', 4, 'Site'),
(5, 'admin.bg_image', 'Admin Background Image', '', '', 'image', 5, 'Admin'),
(6, 'admin.title', 'Admin Title', 'Voyager', '', 'text', 1, 'Admin'),
(7, 'admin.description', 'Admin Description', 'Welcome to Voyager. The Missing Admin for Laravel', '', 'text', 2, 'Admin'),
(8, 'admin.loader', 'Admin Loader', '', '', 'image', 3, 'Admin'),
(9, 'admin.icon_image', 'Admin Icon Image', '', '', 'image', 4, 'Admin'),
(10, 'admin.google_analytics_client_id', 'Google Analytics Client ID (used for admin dashboard)', '', '', 'text', 1, 'Admin');

-- --------------------------------------------------------

--
-- Structure de la table `students`
--

CREATE TABLE `students` (
  `id` int(10) UNSIGNED NOT NULL,
  `matricule` varchar(8) COLLATE utf8mb4_unicode_ci NOT NULL,
  `user_id` int(10) UNSIGNED NOT NULL,
  `naissance` date NOT NULL,
  `sexe` varchar(1) COLLATE utf8mb4_unicode_ci DEFAULT 'M',
  `picture` varchar(191) COLLATE utf8mb4_unicode_ci NOT NULL DEFAULT 'noimage.jpg',
  `t__class_id` int(10) UNSIGNED DEFAULT NULL,
  `created_at` timestamp NULL DEFAULT NULL,
  `updated_at` timestamp NULL DEFAULT NULL
) ENGINE=InnoDB DEFAULT CHARSET=utf8mb4 COLLATE=utf8mb4_unicode_ci;

--
-- Déchargement des données de la table `students`
--

INSERT INTO `students` (`id`, `matricule`, `user_id`, `naissance`, `sexe`, `picture`, `t__class_id`, `created_at`, `updated_at`) VALUES
(1, '20180001', 2, '2018-09-28', 'M', 'noimage.png', 1, '2018-09-10 05:39:21', '2018-09-10 05:39:21'),
(2, '20180002', 3, '2018-09-21', 'M', 'noimage.png', 1, '2018-09-10 07:30:34', '2018-09-10 07:30:34'),
(3, '20180003', 4, '2018-09-06', 'F', 'noimage.png', 1, '2018-09-10 07:31:08', '2018-09-10 07:31:08'),
(4, '20180004', 5, '2018-09-06', 'F', 'noimage.png', 1, '2018-09-10 07:31:57', '2018-09-10 07:31:57'),
(5, '20180005', 6, '2018-09-04', 'F', 'noimage.png', 1, '2018-09-10 07:32:50', '2018-09-10 07:32:50'),
(6, '20180006', 7, '2018-09-07', 'F', 'noimage.png', 1, '2018-09-10 07:34:14', '2018-09-10 07:34:14'),
(7, '20180007', 8, '2018-09-01', 'F', 'noimage.png', 2, '2018-09-10 07:43:46', '2018-09-10 07:43:46'),
(8, '20180008', 9, '2018-09-20', 'F', 'noimage.png', 2, '2018-09-10 07:44:27', '2018-09-10 07:44:27'),
(9, '20180009', 10, '2018-09-06', 'M', 'noimage.png', 2, '2018-09-10 07:44:53', '2018-09-10 07:44:53'),
(10, '20180010', 11, '2018-09-06', 'M', 'noimage.png', 2, '2018-09-10 07:45:24', '2018-09-10 07:45:24'),
(11, '20180011', 12, '2018-09-10', 'M', 'noimage.png', 2, '2018-09-10 07:45:54', '2018-09-10 07:45:54'),
(12, '20180012', 13, '2018-09-18', 'M', 'noimage.png', 2, '2018-09-10 07:46:16', '2018-09-10 07:46:16'),
(13, '20180013', 14, '2018-09-13', 'F', 'noimage.png', 2, '2018-09-10 07:46:40', '2018-09-10 07:46:40'),
(14, '20180014', 15, '2019-04-10', 'F', 'noimage.png', 2, '2018-09-10 07:47:30', '2018-09-10 07:47:30'),
(15, '20180015', 16, '1998-12-23', 'M', 'noimage.png', 2, '2018-09-10 07:48:51', '2018-09-10 07:48:51'),
(16, '20180016', 17, '2018-09-30', 'F', 'noimage.png', 3, '2018-09-10 07:49:29', '2018-09-10 07:49:29'),
(17, '20180017', 18, '2018-10-05', 'M', 'noimage.png', 3, '2018-09-10 07:50:03', '2018-09-10 07:50:03'),
(18, '20180018', 19, '2018-09-04', 'F', 'noimage.png', 2, '2018-09-10 07:50:34', '2018-09-10 07:50:34'),
(19, '20180019', 20, '2018-09-28', 'F', 'noimage.png', 2, '2018-09-10 07:51:04', '2018-09-10 07:51:04'),
(20, '20180020', 21, '2018-09-20', 'M', 'noimage.png', 4, '2018-09-10 07:51:39', '2018-09-10 07:51:39'),
(21, '20180021', 22, '2018-02-08', 'F', 'noimage.png', 4, '2018-09-10 07:52:09', '2018-09-10 07:52:09'),
(22, '20180022', 23, '2018-09-15', 'F', 'noimage.png', 3, '2018-09-10 07:53:55', '2018-09-10 07:53:55'),
(23, '20180023', 24, '2018-05-08', 'M', 'noimage.png', 3, '2018-09-10 07:54:39', '2018-09-10 07:54:39'),
(24, '20180024', 25, '2018-09-03', 'F', 'noimage.png', 3, '2018-09-10 07:55:16', '2018-09-10 07:55:16'),
(25, '20180025', 26, '2018-09-08', 'M', 'noimage.png', 4, '2018-09-10 07:56:03', '2018-09-10 07:56:03'),
(26, '20180026', 27, '2018-08-31', 'F', 'noimage.png', 4, '2018-09-10 07:56:25', '2018-09-10 07:56:25'),
(27, '20180027', 28, '2018-09-27', 'F', 'noimage.png', 3, '2018-09-10 07:57:11', '2018-09-10 07:57:11');

-- --------------------------------------------------------

--
-- Structure de la table `translations`
--

CREATE TABLE `translations` (
  `id` int(10) UNSIGNED NOT NULL,
  `table_name` varchar(191) COLLATE utf8mb4_unicode_ci NOT NULL,
  `column_name` varchar(191) COLLATE utf8mb4_unicode_ci NOT NULL,
  `foreign_key` int(10) UNSIGNED NOT NULL,
  `locale` varchar(191) COLLATE utf8mb4_unicode_ci NOT NULL,
  `value` text COLLATE utf8mb4_unicode_ci NOT NULL,
  `created_at` timestamp NULL DEFAULT NULL,
  `updated_at` timestamp NULL DEFAULT NULL
) ENGINE=InnoDB DEFAULT CHARSET=utf8mb4 COLLATE=utf8mb4_unicode_ci;

-- --------------------------------------------------------

--
-- Structure de la table `t__classes`
--

CREATE TABLE `t__classes` (
  `id` int(10) UNSIGNED NOT NULL,
  `name` smallint(6) NOT NULL,
  `option` varchar(191) COLLATE utf8mb4_unicode_ci NOT NULL,
  `titulaire` int(10) UNSIGNED DEFAULT '1',
  `created_at` timestamp NULL DEFAULT NULL,
  `updated_at` timestamp NULL DEFAULT NULL
) ENGINE=InnoDB DEFAULT CHARSET=utf8mb4 COLLATE=utf8mb4_unicode_ci;

--
-- Déchargement des données de la table `t__classes`
--

INSERT INTO `t__classes` (`id`, `name`, `option`, `titulaire`, `created_at`, `updated_at`) VALUES
(1, 1, 'C.O', 2, '2018-09-03 15:54:04', '2018-09-03 15:54:04'),
(2, 2, 'C.O', 1, '2018-09-03 15:55:32', '2018-09-03 15:55:32'),
(3, 3, 'H.T.S', 1, '2018-09-03 15:55:42', '2018-09-03 15:55:42'),
(4, 4, 'H.T.S', 1, '2018-09-03 15:55:52', '2018-09-03 15:55:52');

-- --------------------------------------------------------

--
-- Structure de la table `users`
--

CREATE TABLE `users` (
  `id` int(10) UNSIGNED NOT NULL,
  `role_id` int(10) UNSIGNED DEFAULT NULL,
  `name` varchar(191) COLLATE utf8mb4_unicode_ci NOT NULL,
  `email` varchar(191) COLLATE utf8mb4_unicode_ci NOT NULL,
  `avatar` varchar(191) COLLATE utf8mb4_unicode_ci DEFAULT 'users/default.png',
  `password` varchar(191) COLLATE utf8mb4_unicode_ci NOT NULL,
  `ability` char(1) COLLATE utf8mb4_unicode_ci NOT NULL DEFAULT '1',
  `remember_token` varchar(100) COLLATE utf8mb4_unicode_ci DEFAULT NULL,
  `settings` text COLLATE utf8mb4_unicode_ci,
  `created_at` timestamp NULL DEFAULT NULL,
  `updated_at` timestamp NULL DEFAULT NULL
) ENGINE=InnoDB DEFAULT CHARSET=utf8mb4 COLLATE=utf8mb4_unicode_ci;

--
-- Déchargement des données de la table `users`
--

INSERT INTO `users` (`id`, `role_id`, `name`, `email`, `avatar`, `password`, `ability`, `remember_token`, `settings`, `created_at`, `updated_at`) VALUES
(1, 1, 'alain burindi', 'alain@gmail.com', 'users/default.png', '$2y$10$a1KKcw0vyiiXl8GIyjbfjOdTISW0jAQTgf5toPZYM.u2P4zxzBNiS', '1', 'GqPweF385OKgFK6z9IX9M2R2TclZKx8u8v6TOSNUosqXpMEI7IJzoJAW6IAn', '{\"locale\":\"en\"}', '2018-09-08 13:23:18', '2019-08-31 06:08:22'),
(2, NULL, 'burindi kavena david', '20180001@mamayetu.cs', 'users/default.png', '$2y$10$IkL7kA8Qcwft9PIzOGd4G.Jp3vr3oYb1/uKZJlYukfN/EXnzaKIFm', '3', 'gU5A4JG4uZo6OMJ7QPzFIb7DgDf0WSINDXcvPl3IZCoDfalTiSCEkWcoJyYq', NULL, '2018-09-10 05:39:21', '2018-09-10 05:39:21'),
(3, NULL, 'burindi kavena jeanisse', '20180002@mamayetu.cs', 'users/default.png', '$2y$10$R3Ro9ux/331qqEYnLbOIG.ZPgsxtpLoVHChbfT9JsBa6BB01ZnqUy', '3', NULL, NULL, '2018-09-10 07:30:34', '2018-09-10 07:30:34'),
(4, NULL, 'gfig kjvv yugfor', '20180003@mamayetu.cs', 'users/default.png', '$2y$10$S6I6fJlUFltlyBPRQTg99OEPp6/BR3cvdMrdestDr2q/GgoriQFcq', '3', NULL, NULL, '2018-09-10 07:31:08', '2018-09-10 07:31:08'),
(5, NULL, 'dgfhdh jhoeihf khgfwe', '20180004@mamayetu.cs', 'users/default.png', '$2y$10$YFYSQY97Q8d/qFSTzmly6OueMwUdcdebHa2n3P3.YH1zHACpV8nxi', '3', NULL, NULL, '2018-09-10 07:31:57', '2018-09-10 07:31:57'),
(6, NULL, 'hfgviu ukekld euytr', '20180005@mamayetu.cs', 'users/default.png', '$2y$10$e7bj6TEt0qHj3ApN8WoXxu/utS36lsk2yaIh7aVhWgEYoxB9Wr3SO', '3', NULL, NULL, '2018-09-10 07:32:50', '2018-09-10 07:32:50'),
(7, NULL, 'djhgfdk hjgdf jgdffe', '20180006@mamayetu.cs', 'users/default.png', '$2y$10$cEODU75pxmKpHZRb8LSKXuBFFr6bIxZVFS7eYhzCL2CPTkgXUWfUa', '3', NULL, NULL, '2018-09-10 07:34:14', '2018-09-10 07:34:14'),
(8, NULL, 'hduftiug jygou hdduyj', '20180007@mamayetu.cs', 'users/default.png', '$2y$10$8ljKO0mycJRu8AGXlfTwVOCwMV27.tfGRBpGkRvAhfpvK.Tw/eK4e', '3', NULL, NULL, '2018-09-10 07:43:46', '2018-09-10 07:43:46'),
(9, NULL, 'dgsyht grdy grfxfhk', '20180008@mamayetu.cs', 'users/default.png', '$2y$10$E6B98Z0s.f6/iRQdx1MT4.c9JUhkRp1t0USBe/.r/xaQkCgs/4Ci6', '3', NULL, NULL, '2018-09-10 07:44:27', '2018-09-10 07:44:27'),
(10, NULL, 'dsuy gfilk tri7ytf', '20180009@mamayetu.cs', 'users/default.png', '$2y$10$83rm19JmElu9akt1sdwohOY80K5uD6pnBE7wtMrRanZ2E5e3v7JmK', '3', NULL, NULL, '2018-09-10 07:44:53', '2018-09-10 07:44:53'),
(11, NULL, 'bfccdkyu hgku hgfkuj', '20180010@mamayetu.cs', 'users/default.png', '$2y$10$Bw0x2j3S30hvd2xM9N4Z9uIoxVo6nV/XwKJzZ.4izeO2Wj4lIHBLu', '3', NULL, NULL, '2018-09-10 07:45:24', '2018-09-10 07:45:24'),
(12, NULL, 'cxhjm bfxhk gfhk', '20180011@mamayetu.cs', 'users/default.png', '$2y$10$YD8tZ3n9CIQPNYZVYWoHPeyXt5WtH/dnzuVwrFxJ8p3EAvVoaffsu', '3', NULL, NULL, '2018-09-10 07:45:54', '2018-09-10 07:45:54'),
(13, NULL, 'hgckjk ljhob hdiutk', '20180012@mamayetu.cs', 'users/default.png', '$2y$10$clWfU4Mhc62V3fQbZ3Rxj.3HGqSm3TW7976qaDoTxfsm.vMK2HBM.', '3', NULL, NULL, '2018-09-10 07:46:16', '2018-09-10 07:46:16'),
(14, NULL, 'jglijhbkh jhli yigpou', '20180013@mamayetu.cs', 'users/default.png', '$2y$10$zfB/SWt6k4P7.a.zA1nqieo5lMX5ssWjwmHX1lifW04MGIYfprNZq', '3', NULL, NULL, '2018-09-10 07:46:40', '2018-09-10 07:46:40'),
(15, NULL, 'cgxjhg hfyfdc fdukfj', '20180014@mamayetu.cs', 'users/default.png', '$2y$10$wvrQguiHhD.1CYbuI5o6e.W8eGw2oXvN5FNlsBeU9RqbLh0FI6IIe', '3', NULL, NULL, '2018-09-10 07:47:30', '2018-09-10 07:47:30'),
(16, NULL, 'jhfvf jhfg fhglf', '20180015@mamayetu.cs', 'users/default.png', '$2y$10$vBOjmf6FZSMvJA6.7TuWbOjng/LcfnmxNmoQZTIKqA8it87EgpEXa', '3', NULL, NULL, '2018-09-10 07:48:51', '2018-09-10 07:48:51'),
(17, NULL, 'gugrt kugfhgl oiutp', '20180016@mamayetu.cs', 'users/default.png', '$2y$10$ec.syk9wTRocLwUMrH9BgOTlR1qhjJJrd59dVLDQADp7D9eCzMDdK', '3', NULL, NULL, '2018-09-10 07:49:29', '2018-09-10 07:49:29'),
(18, NULL, 'rkgg fliygsdhk hfgf', '20180017@mamayetu.cs', 'users/default.png', '$2y$10$3QRg1KrO7svRmjywN0Gsz.Lf42uiXyBt8RvijeUq7l2i/gkw7vk8q', '3', NULL, NULL, '2018-09-10 07:50:03', '2018-09-10 07:50:03'),
(19, NULL, 'rebg fngbl kfuhb', '20180018@mamayetu.cs', 'users/default.png', '$2y$10$s/Xd2oPa4AMadW3AkegoyuQ9LqQ2qqubycQnJryvsYsw/bGUMKhyq', '3', NULL, NULL, '2018-09-10 07:50:34', '2018-09-10 07:50:34'),
(20, NULL, 'khfvkfj kiuhf khbj', '20180019@mamayetu.cs', 'users/default.png', '$2y$10$.wYZrMyZS0qKZIkeiqAiR.v1KhydCgdTfnhYt11iLDWCEHFe3xSRC', '3', NULL, NULL, '2018-09-10 07:51:04', '2018-09-10 07:51:04'),
(21, NULL, 'kufgg jhgf djgfk', '20180020@mamayetu.cs', 'users/default.png', '$2y$10$Rlk2Y.Vd5R1MhsoCyOkZgerxbLT6xgd26FXXxeok9gMDfeWhB/26i', '3', NULL, NULL, '2018-09-10 07:51:39', '2018-09-10 07:51:39'),
(22, NULL, 'jbbvkjf nhvkf;hb khv', '20180021@mamayetu.cs', 'users/default.png', '$2y$10$fsvL7jNo1.bZa07RDCzeeuO.hQSsi2a69DwLMXNE/i3gDyduL8YF6', '3', NULL, NULL, '2018-09-10 07:52:09', '2018-09-10 07:52:09'),
(23, NULL, 'jhf jlyhgfor jlhgovfr', '20180022@mamayetu.cs', 'users/default.png', '$2y$10$qwzwnMnYBnxBrSRdrwSDxu5VOblSaSKdYV/PiDKbkfSZbXUwmByZW', '3', NULL, NULL, '2018-09-10 07:53:55', '2018-09-10 07:53:55'),
(24, NULL, 'utfgyi jhbkfk jhhvf', '20180023@mamayetu.cs', 'users/default.png', '$2y$10$3CB2eIpE1mWP5efW2d8dxO1Dhd1BteUSce.KoLAK5FUxZnPgVhMQC', '3', NULL, NULL, '2018-09-10 07:54:39', '2018-09-10 07:54:39'),
(25, NULL, 'jff dkhf djhfg', '20180024@mamayetu.cs', 'users/default.png', '$2y$10$5GdEqCcRxhNW0wcqdqZmRuk/5LPTkOmnkjuE.pfCXv7BA5O9krX5G', '3', NULL, NULL, '2018-09-10 07:55:16', '2018-09-10 07:55:16'),
(26, NULL, 'jcgvh ehgfdk hkdhdw', '20180025@mamayetu.cs', 'users/default.png', '$2y$10$Q6ZD5VQNYBI9G8wuUaeCRuU8onqzvRUBPiyxoVZLcCSIdOZbLtrl.', '3', NULL, NULL, '2018-09-10 07:56:03', '2018-09-10 07:56:03'),
(27, NULL, 'mhvgv khbf ifhl', '20180026@mamayetu.cs', 'users/default.png', '$2y$10$FZnw9uf7kzJf0NEU6fmpyukQ81/oQR5MB4LrFlhGFrbEoKk3O26xG', '3', NULL, NULL, '2018-09-10 07:56:25', '2018-09-10 07:56:25'),
(28, NULL, 'jhfghrl jhgr ygfhr', '20180027@mamayetu.cs', 'users/default.png', '$2y$10$rn0uqTcFP7KW9UBXrMLds.Pmrn41TyV6bUhNDPhV.7inydMiGGxPO', '3', NULL, NULL, '2018-09-10 07:57:11', '2018-09-10 07:57:11'),
(29, NULL, 'guillain', 'guillain@mamayetu.cs', 'users/default.png', '$2y$10$38vDA7JC4OKKZo5enSFAzOTGgCB0izlr4VfjcBIqz7Cb5jh9isq/.', '2', 'ohigFRHthwKUOZsmirKFYihEj9LHC1aHM0wlQTlnfGdjHqMIG3ZmXvCbTqJf', NULL, '2018-09-11 20:19:04', '2018-09-11 20:19:04'),
(30, NULL, 'Alain', 'alainburindi62@gmail.com', 'users/default.png', '$2y$10$R.35WjpFOtRiAjZiwtBHCeHRVdhlOh8vUnFo7DBWYAeFUOrXiOLbK', '1', NULL, NULL, '2018-11-01 09:37:31', '2018-11-01 09:37:31');

-- --------------------------------------------------------

--
-- Structure de la table `user_roles`
--

CREATE TABLE `user_roles` (
  `user_id` int(10) UNSIGNED NOT NULL,
  `role_id` int(10) UNSIGNED NOT NULL
) ENGINE=InnoDB DEFAULT CHARSET=utf8mb4 COLLATE=utf8mb4_unicode_ci;

--
-- Index pour les tables déchargées
--

--
-- Index pour la table `courses`
--
ALTER TABLE `courses`
  ADD PRIMARY KEY (`id`),
  ADD KEY `courses_class_id_foreign` (`t__class_id`);

--
-- Index pour la table `data_rows`
--
ALTER TABLE `data_rows`
  ADD PRIMARY KEY (`id`),
  ADD KEY `data_rows_data_type_id_foreign` (`data_type_id`);

--
-- Index pour la table `data_types`
--
ALTER TABLE `data_types`
  ADD PRIMARY KEY (`id`),
  ADD UNIQUE KEY `data_types_name_unique` (`name`),
  ADD UNIQUE KEY `data_types_slug_unique` (`slug`);

--
-- Index pour la table `events`
--
ALTER TABLE `events`
  ADD PRIMARY KEY (`id`);

--
-- Index pour la table `inscriptions`
--
ALTER TABLE `inscriptions`
  ADD PRIMARY KEY (`id`);

--
-- Index pour la table `marks`
--
ALTER TABLE `marks`
  ADD PRIMARY KEY (`id`),
  ADD KEY `marks_student_id_foreign` (`student_id`),
  ADD KEY `marks_class_id_foreign` (`t__class_id`),
  ADD KEY `c_id_fk` (`courses_id`);

--
-- Index pour la table `menus`
--
ALTER TABLE `menus`
  ADD PRIMARY KEY (`id`),
  ADD UNIQUE KEY `menus_name_unique` (`name`);

--
-- Index pour la table `menu_items`
--
ALTER TABLE `menu_items`
  ADD PRIMARY KEY (`id`),
  ADD KEY `menu_items_menu_id_foreign` (`menu_id`);

--
-- Index pour la table `migrations`
--
ALTER TABLE `migrations`
  ADD PRIMARY KEY (`id`);

--
-- Index pour la table `password_resets`
--
ALTER TABLE `password_resets`
  ADD KEY `password_resets_email_index` (`email`);

--
-- Index pour la table `payments`
--
ALTER TABLE `payments`
  ADD PRIMARY KEY (`id`);

--
-- Index pour la table `permissions`
--
ALTER TABLE `permissions`
  ADD PRIMARY KEY (`id`),
  ADD KEY `permissions_key_index` (`key`);

--
-- Index pour la table `permission_role`
--
ALTER TABLE `permission_role`
  ADD PRIMARY KEY (`permission_id`,`role_id`),
  ADD KEY `permission_role_permission_id_index` (`permission_id`),
  ADD KEY `permission_role_role_id_index` (`role_id`);

--
-- Index pour la table `professors`
--
ALTER TABLE `professors`
  ADD PRIMARY KEY (`id`),
  ADD KEY `p_u_fk` (`user_id`);

--
-- Index pour la table `roles`
--
ALTER TABLE `roles`
  ADD PRIMARY KEY (`id`),
  ADD UNIQUE KEY `roles_name_unique` (`name`);

--
-- Index pour la table `settings`
--
ALTER TABLE `settings`
  ADD PRIMARY KEY (`id`),
  ADD UNIQUE KEY `settings_key_unique` (`key`);

--
-- Index pour la table `students`
--
ALTER TABLE `students`
  ADD PRIMARY KEY (`id`),
  ADD UNIQUE KEY `matricule` (`matricule`),
  ADD UNIQUE KEY `matricule_2` (`matricule`),
  ADD KEY `students_class_id_foreign` (`t__class_id`),
  ADD KEY `user_id_fk` (`user_id`);

--
-- Index pour la table `translations`
--
ALTER TABLE `translations`
  ADD PRIMARY KEY (`id`),
  ADD UNIQUE KEY `translations_table_name_column_name_foreign_key_locale_unique` (`table_name`,`column_name`,`foreign_key`,`locale`);

--
-- Index pour la table `t__classes`
--
ALTER TABLE `t__classes`
  ADD PRIMARY KEY (`id`),
  ADD KEY `titulaire_id_f` (`titulaire`);

--
-- Index pour la table `users`
--
ALTER TABLE `users`
  ADD PRIMARY KEY (`id`),
  ADD UNIQUE KEY `users_email_unique` (`email`),
  ADD KEY `users_role_id_foreign` (`role_id`);

--
-- Index pour la table `user_roles`
--
ALTER TABLE `user_roles`
  ADD PRIMARY KEY (`user_id`,`role_id`),
  ADD KEY `user_roles_user_id_index` (`user_id`),
  ADD KEY `user_roles_role_id_index` (`role_id`);

--
-- AUTO_INCREMENT pour les tables déchargées
--

--
-- AUTO_INCREMENT pour la table `courses`
--
ALTER TABLE `courses`
  MODIFY `id` int(10) UNSIGNED NOT NULL AUTO_INCREMENT, AUTO_INCREMENT=30;

--
-- AUTO_INCREMENT pour la table `data_rows`
--
ALTER TABLE `data_rows`
  MODIFY `id` int(10) UNSIGNED NOT NULL AUTO_INCREMENT, AUTO_INCREMENT=29;

--
-- AUTO_INCREMENT pour la table `data_types`
--
ALTER TABLE `data_types`
  MODIFY `id` int(10) UNSIGNED NOT NULL AUTO_INCREMENT, AUTO_INCREMENT=5;

--
-- AUTO_INCREMENT pour la table `events`
--
ALTER TABLE `events`
  MODIFY `id` int(10) UNSIGNED NOT NULL AUTO_INCREMENT, AUTO_INCREMENT=3;

--
-- AUTO_INCREMENT pour la table `inscriptions`
--
ALTER TABLE `inscriptions`
  MODIFY `id` int(10) UNSIGNED NOT NULL AUTO_INCREMENT, AUTO_INCREMENT=5;

--
-- AUTO_INCREMENT pour la table `marks`
--
ALTER TABLE `marks`
  MODIFY `id` int(10) UNSIGNED NOT NULL AUTO_INCREMENT, AUTO_INCREMENT=222;

--
-- AUTO_INCREMENT pour la table `menus`
--
ALTER TABLE `menus`
  MODIFY `id` int(10) UNSIGNED NOT NULL AUTO_INCREMENT, AUTO_INCREMENT=2;

--
-- AUTO_INCREMENT pour la table `menu_items`
--
ALTER TABLE `menu_items`
  MODIFY `id` int(10) UNSIGNED NOT NULL AUTO_INCREMENT, AUTO_INCREMENT=13;

--
-- AUTO_INCREMENT pour la table `migrations`
--
ALTER TABLE `migrations`
  MODIFY `id` int(10) UNSIGNED NOT NULL AUTO_INCREMENT, AUTO_INCREMENT=39;

--
-- AUTO_INCREMENT pour la table `payments`
--
ALTER TABLE `payments`
  MODIFY `id` int(10) UNSIGNED NOT NULL AUTO_INCREMENT, AUTO_INCREMENT=5;

--
-- AUTO_INCREMENT pour la table `permissions`
--
ALTER TABLE `permissions`
  MODIFY `id` int(10) UNSIGNED NOT NULL AUTO_INCREMENT, AUTO_INCREMENT=32;

--
-- AUTO_INCREMENT pour la table `professors`
--
ALTER TABLE `professors`
  MODIFY `id` int(10) UNSIGNED NOT NULL AUTO_INCREMENT, AUTO_INCREMENT=3;

--
-- AUTO_INCREMENT pour la table `roles`
--
ALTER TABLE `roles`
  MODIFY `id` int(10) UNSIGNED NOT NULL AUTO_INCREMENT, AUTO_INCREMENT=3;

--
-- AUTO_INCREMENT pour la table `settings`
--
ALTER TABLE `settings`
  MODIFY `id` int(10) UNSIGNED NOT NULL AUTO_INCREMENT, AUTO_INCREMENT=11;

--
-- AUTO_INCREMENT pour la table `students`
--
ALTER TABLE `students`
  MODIFY `id` int(10) UNSIGNED NOT NULL AUTO_INCREMENT, AUTO_INCREMENT=28;

--
-- AUTO_INCREMENT pour la table `translations`
--
ALTER TABLE `translations`
  MODIFY `id` int(10) UNSIGNED NOT NULL AUTO_INCREMENT;

--
-- AUTO_INCREMENT pour la table `t__classes`
--
ALTER TABLE `t__classes`
  MODIFY `id` int(10) UNSIGNED NOT NULL AUTO_INCREMENT, AUTO_INCREMENT=5;

--
-- AUTO_INCREMENT pour la table `users`
--
ALTER TABLE `users`
  MODIFY `id` int(10) UNSIGNED NOT NULL AUTO_INCREMENT, AUTO_INCREMENT=31;

--
-- Contraintes pour les tables déchargées
--

--
-- Contraintes pour la table `courses`
--
ALTER TABLE `courses`
  ADD CONSTRAINT `courses_class_id_foreign` FOREIGN KEY (`t__class_id`) REFERENCES `t__classes` (`id`) ON DELETE CASCADE;

--
-- Contraintes pour la table `data_rows`
--
ALTER TABLE `data_rows`
  ADD CONSTRAINT `data_rows_data_type_id_foreign` FOREIGN KEY (`data_type_id`) REFERENCES `data_types` (`id`) ON DELETE CASCADE ON UPDATE CASCADE;

--
-- Contraintes pour la table `marks`
--
ALTER TABLE `marks`
  ADD CONSTRAINT `c_id_fk` FOREIGN KEY (`courses_id`) REFERENCES `courses` (`id`),
  ADD CONSTRAINT `marks_class_id_foreign` FOREIGN KEY (`t__class_id`) REFERENCES `t__classes` (`id`) ON DELETE CASCADE,
  ADD CONSTRAINT `marks_student_id_foreign` FOREIGN KEY (`student_id`) REFERENCES `students` (`id`) ON DELETE CASCADE;

--
-- Contraintes pour la table `menu_items`
--
ALTER TABLE `menu_items`
  ADD CONSTRAINT `menu_items_menu_id_foreign` FOREIGN KEY (`menu_id`) REFERENCES `menus` (`id`) ON DELETE CASCADE;

--
-- Contraintes pour la table `permission_role`
--
ALTER TABLE `permission_role`
  ADD CONSTRAINT `permission_role_permission_id_foreign` FOREIGN KEY (`permission_id`) REFERENCES `permissions` (`id`) ON DELETE CASCADE,
  ADD CONSTRAINT `permission_role_role_id_foreign` FOREIGN KEY (`role_id`) REFERENCES `roles` (`id`) ON DELETE CASCADE;

--
-- Contraintes pour la table `professors`
--
ALTER TABLE `professors`
  ADD CONSTRAINT `p_u_fk` FOREIGN KEY (`user_id`) REFERENCES `users` (`id`);

--
-- Contraintes pour la table `students`
--
ALTER TABLE `students`
  ADD CONSTRAINT `students_class_id_foreign` FOREIGN KEY (`t__class_id`) REFERENCES `t__classes` (`id`) ON DELETE CASCADE,
  ADD CONSTRAINT `user_id_fk` FOREIGN KEY (`user_id`) REFERENCES `users` (`id`);

--
-- Contraintes pour la table `t__classes`
--
ALTER TABLE `t__classes`
  ADD CONSTRAINT `titulaire_id_f` FOREIGN KEY (`titulaire`) REFERENCES `professors` (`id`);

--
-- Contraintes pour la table `users`
--
ALTER TABLE `users`
  ADD CONSTRAINT `users_role_id_foreign` FOREIGN KEY (`role_id`) REFERENCES `roles` (`id`);

--
-- Contraintes pour la table `user_roles`
--
ALTER TABLE `user_roles`
  ADD CONSTRAINT `user_roles_role_id_foreign` FOREIGN KEY (`role_id`) REFERENCES `roles` (`id`) ON DELETE CASCADE,
  ADD CONSTRAINT `user_roles_user_id_foreign` FOREIGN KEY (`user_id`) REFERENCES `users` (`id`) ON DELETE CASCADE;
COMMIT;

/*!40101 SET CHARACTER_SET_CLIENT=@OLD_CHARACTER_SET_CLIENT */;
/*!40101 SET CHARACTER_SET_RESULTS=@OLD_CHARACTER_SET_RESULTS */;
/*!40101 SET COLLATION_CONNECTION=@OLD_COLLATION_CONNECTION */;
